EmployeeID,EmployeeName,Department,Region
1,Ronald Pearson,Sales,South
2,Kevin Ford,Sales,West
3,Michelle Collins,Support,West
4,Shannon Sandoval,Sales,East
5,Justin Miller,Marketing,South
6,Austin Woodward,Sales,West
7,Linda Santana,Support,East
8,James Evans,Support,North
9,Joseph Cox,Support,West
10,Ryan Ford,Support,South
11,Rachel Butler,Support,South
12,Alexis Mcdaniel,Sales,South
13,Angela Barnes,Sales,North
14,Kimberly Lee,Sales,West
15,Olivia Tucker,Sales,West
16,Alyssa Davis,Support,North
17,Amanda Kramer,Marketing,West
18,Chelsea Smith,Sales,North
19,Megan James,Marketing,North
20,Mr. Jonathan Hall,Sales,North
21,Bobby Higgins,Sales,South
22,Eileen Fields,Marketing,West
23,Mindy Carlson PhD,Support,North
24,Rebecca Cook,Sales,West
25,Cynthia Cook,Sales,South
26,Joseph Johnson,Sales,North
27,Brandy Mitchell,Marketing,East
28,Nicholas Petty,Support,South
29,Pamela Palmer,Marketing,East
30,Mary Curry,Marketing,West
31,Samantha Cordova,Support,West
32,John Rocha,Marketing,South
33,Hannah Hopkins,Support,West
34,Michelle Wells,Sales,East
35,Tyler Curtis,Support,North
36,Douglas Farmer,Sales,North
37,Holly Ramirez,Marketing,North
38,Kaitlyn Pace,Marketing,South
39,Thomas Clay,Sales,West
40,Gregory Holmes,Marketing,East
41,Angela Thompson,Support,West
42,Ann Johnson,Sales,West
43,Erin Jennings,Marketing,West
44,Tanya Thompson,Sales,North
45,Joanna Haley,Support,East
46,Douglas Ball,Support,East
47,Matthew Hernandez MD,Marketing,West
48,Matthew Ramirez,Support,North
49,Meghan Gray,Sales,North
50,Jason Fleming,Support,East
51,Andrew Jackson,Sales,North
52,Brent Fleming,Sales,North
53,Rickey Cline,Support,North
54,Anthony Peterson,Marketing,South
55,Rebecca Sellers,Support,West
56,Kimberly Ramos,Sales,East
57,Stephanie Wright,Sales,East
58,Lisa Chang,Support,South
59,David Mitchell,Marketing,West
60,Nicholas Williams,Marketing,East
61,Megan Bailey,Sales,North
62,Kimberly Webb,Sales,East
63,Michael Krueger,Marketing,North
64,Catherine Brooks,Support,South
65,Ms. Maria Tran,Sales,North
66,Barbara Moore,Sales,East
67,Jesse White,Marketing,East
68,Adrian Snyder,Support,East
69,Timothy Bond,Marketing,South
70,Nicole Robbins,Support,South
71,Raymond Kemp,Support,West
72,April Norton,Support,East
73,Dr. William Larsen,Sales,North
74,Ryan Barrett,Marketing,South
75,Amanda Thompson,Marketing,East
76,Paul Brewer,Support,East
77,Dustin Pierce,Sales,South
78,Aaron Jones,Sales,West
79,Mitchell Wheeler,Marketing,South
80,Ryan Thompson,Sales,South
81,Charles Berger,Sales,North
82,Susan Moore,Support,North
83,Christopher Bailey,Sales,West
84,Marcus Johnson DVM,Support,East
85,Javier Howell,Marketing,South
86,Tammy Chase,Sales,West
87,Mary Hawkins,Marketing,North
88,Meghan Smith,Marketing,South
89,Donna Frye,Sales,East
90,Carrie Martinez,Sales,North
91,Stacy Brown,Marketing,North
92,Corey Parker,Sales,North
93,Christopher Warren,Support,West
94,Mary Thomas,Support,East
95,Teresa Simon DDS,Sales,South
96,Kathryn Ross,Marketing,West
97,Timothy Owen,Sales,West
98,Robin Foster,Sales,West
99,Karen Booth,Marketing,North
100,Mr. Samuel Foster,Marketing,East
